,Product
Jenkins,4316
Op-tee,2429
Linux Kernel,2316
Ffmpeg,2053
Lock Api,1835
Ubuntu Linux,1584
Wireshark,1478
Image-gallery-with-slideshow,1475
Dtracker,1180
ARR,1101
Debian Linux,1079
Pydio,996
Ettercap,954
Typo3,931
Manageengine Remote Access Plus,921
Membership Simplified,885
Surveys,885
Ez Publish,792
Simple-slab,734
Ordnung,734
Futures-task,734
Future-utils,734
Discourse,694
Parse-server,694
Jhead,694
Glpi,694
Mac Os X,668
October,664
Tracetronic Ecu-test,664
Espace Desktop,636
Kubernetes,627
Db2 Universal Database,594
Eventr,590
Lotus Mobile Connect,564
Mybb,564
Zabbix,544
Endonesia,532
Joomla\!,524
Java System Web Proxy Server,524
Wireless H500,520
Android,499
Smoothwall,477
TOR,469
Deluxebb,460
Internet Explorer,430
Widcomm Bluetooth,399
Php-update,399
Wordpress,399
Chrome,393
Xzero Community Classifieds,393
Openbiblio,393
AIX,376
Seo Panel,367
Mozwire,367
Ws-rs,367
Atom,367
Actix-utils,367
Actix-service,367
Array-queue,367
Actix-http,367
Tiny-http,367
Actix-codec,367
Dync,367
Crossbeam-channel,367
Multihash,367
Alpm-rs,367
Futures-intrusive,367
Image,367
Pyo3,367
Concread,367
Branca,367
Net2,367
Stack-rs,367
Socket2,367
Rocket,367
Miow,367
MIO,367
Traitobject,367
Ordered-float,367
Try-mutex,367
Magnetic,367
Crayon,367
Nanorand,367
Thex,367
Obstack,367
Pyxtrlock,347
Invenio-previewer,347
Yard,347
Helm,347
Suricata,347
Univention Corporate Server,347
Timesheet Next Gen,347
Bable\,347
Libiec61850,347
Saleor,347
Slanger,347
Aquarius Cms,347
Gitea,347
Wavpack,347
Panel,347
Ash-aio,347
Invenio-records,347
Tridactyl,347
Invenio-communities,347
Invenio-app,347
Dependency-track,347
Stacktable.js,347
Fleet,347
Misskey,347
Smokedetector,347
Credential Helpers,347
Graphql Engine,347
Rust,347
Publish Over Cifs,332
Mathjax,332
Confluence Publisher,332
Pangolin Connector For Testrail,332
Meliora Testlab,332
Inedo Buildmaster,332
Maven Artifact Choicelistprovider \(nexus\),332
Shelve Project,332
Accurev,332
Saltstack,332
Ssh Agent,332
Resource Disposer,332
The Battle For Wesnoth,332
Civicrm,332
Inedo Proget,332
Gleezcms,332
Tinfoil Security,332
Onos,332
Chamilo Lms,332
Quazip,332
Sharpziplib,332
Archiver,332
Container Image Scanner,332
Openfire,331
Zenoss Core,318
Email Gateway,312
I-panel Administration System,307
Aviatorscript,307
Telegram,307
Infinias Access Control,307
Secret Server,307
Placeos Authentication,307
DB2,297
Wp2android-turn-wp-site-into-android-app,295
Typed Function,295
C-ares,295
Gift-certificate-creator,295
Flickr Picture Backup,295
Webapp-builder,295
Mobile-app-builder-by-wappress,295
Mobile-friendly-app-builder-by-easytouch,295
Mathjs,295
Kind Editor,295
Math.js,295
Pluxml,295
Karaf,295
Emacs,295
VIM,295
Easy Team Manager,295
Netbsd,295
Gallery-transformation,295
Python-fedora,295
Add-edit-delete-listing-for-member-module,295
Koji,295
Rk-responsive-contact-form,295
Pagure,295
Event Espresso,295
Xwiki,287
Html-edit Cms,282
Integraxor,282
Rational Clearquest,282
Phpmyfaq,266
Openser,266
Windows 2003 Server,266
Asterisk,263
Logaholic,262
Clamav,262
Lotus Notes,262
1024 Cms,262
Design Review,262
Portfolio Gallery Manager,260
Slideshow,260
Photoxhibit,260
Hdw-tube,260
Slider,260
Catalog,260
Gallery,260
Codesys,252
PHP,243
Tomcat,232
Real Estate,230
Mailsite,230
Mongoose,230
Php Classifieds,226
Phpweather,226
Online Store,226
Flds,226
Apertoblog,226
Kerio Mailserver,226
Worksimple,226
Simple Text-file Login Script,226
Flatnux,226
V3 Chat Profiles Dating Script,226
Vcenter Server Appliance,212
Shockwave Player,212
Identityminder,212
Symfony,212
Windows 2000,211
Zenphoto,208
Devscripts,208
Autohoster,208
Arcgis,208
Viewcvs,198
Websphere Application Server,198
Spey,198
Habari,188
Hycus Cms,188
Pilot Cart,188
Interscan Viruswall,174
Winamp,172
Quantum Ethernet Module 140noe77100,168
Biznis Heroj,168
Pligg Cms,168
Java Plug-in,161
Password Manager Pro,159
Wp Unique Article Header Image,159
Revive Adserver,159
ZNC,159
Wp Limit Posts Automatically,159
Contendio,159
Pictobrowser,159
Twimp-wp,159
Tweetscribe,159
Twitter Liveblog,159
Activator,159
Simpleflickr,159
Simplelife,159
Pwgrandom,159
Post To Twitter,159
Gslideshow,159
Manageengine Desktop Central,159
Libressl,159
Mantisbt,159
Netflow Analyzer,159
Businessobjects,159
Twitterdash,159
Total Cache,159
Logintoboggan,159
Ip Ban,159
Access Manager,159
Serendipity,159
Twiki,159
TCP,150
Realone Player,150
Linux,150
Phorum,147
Http Server,138
3editor Cms,133
Atmelwlandriver,133
Winzip,133
Golden Book,133
Headset,133
Civica,133
Brightstor Arcserve Backup Server,133
Direct Web Remoting,133
Digitizing Quote And Ordering System,133
Formbankserver,133
Edbrowse,133
Bluesoil Bluetooth,133
Bluetooth Stack,133
Phpirc Bot,133
Bluez,133
Bluetooth For Windows,133
Bluetooth,133
Shockwave,133
Spine,133
Ovbb,133
Vz Forum,133
Voodoo Chat,133
Freestyle Wiki,133
P-news,133
Logahead Unu,133
Phpwcms,133
T60,133
Megacheatz,131
Pdflib,131
Token Insert Entity,131
Totalplayer,131
Phpmyadmin,131
Websihirbazi,131
Mosdirectory,131
Winace,131
Postnuke,131
Tcpreen,131
Internet Security,131
Limbo Cms,131
Skyfex Client,131
Safari,131
Mobile Platform,131
Blakord Portal,131
Noserub,131
Hot Or Not Clone,131
Xcms,131
Coolplayer,131
Firefox,131
Foxit Reader,131
Unified Agent,131
Proclima,131
Session,131
Active Directory Self Service,131
Virusscan Enterprise,131
Konqueror,131
Iportalx,131
Phcdownload,131
Zblog,131
Total Security 2015,131
Chat Room,131
Qk Smtp Server 3,131
Open Source Learning And Knowledge Management,131
Mmslamp,131
Plogger,131
Adultscript,131
Niclor,131
Php Zlink,131
Ip Reg,131
Wallpaper Complete Website,131
Social Engine,131
Mblog,131
Nmnnewsletter,131
Tidio-form,130
Whizz,130
Wpsolr-search-engine,130
Mailcwp,130
Simplified-content,130
Simpel-reserveren,130
Zotpress,130
Tera-charts,130
Tidio-gallery,130
Forget-about-shorcode-buttons,130
S3-video,130
Esearch,130
Contus-video-comments,130
Video Gallery,130
Portfolio Gallery,130
Huge-it Catalog,130
Admin-font-editor,130
Ajax-random-post,130
Anti-plagiarism,130
Defa-online-image-protector,130
Recipes-writer,130
E-search,130
Enhanced-tooltipglossary,130
Heat-trackr,130
Hero-maps-pro,130
Indexisto,130
Infusionsoft,130
New-year-firework,130
Page-layout-builder,130
Parsi-font,130
Pondol-carousel,130
Pondol-formmail,130
Hp-ux,128
Xoops,125
Guestbook,124
Daqfactory,115
Zainu,115
Active Business Directory,115
Oscailt,115
Phppowercards,115
Httpdx,115
Navicopa Web Server,115
Bloofoxcms,115
Birt,115
Ortro,115
Openssh,115
Tversity,115
Virobot Desktop,115
Cms4000.net,115
Phpope,115
Freeschool,115
Dvbbs,115
V3 Chat Live Support,113
Testlink,113
Number Links 1 Php Script,113
Dictionary Extension,113
Fsmi People,113
Lovecms,113
Indiscripts Enthusiast,113
Prestashop,113
Domain Seller Pro,113
Silva,113
Zeematri,113
Forest Blog,113
Cadenix,113
Homebuilder,113
Nukedit,113
Realtylistings,113
Gnews Publisher,113
Faupload,113
Cfagcms,113
Phparanoid,113
Xendesktop,106
Routeros,106
Freesshd,106
Cms Made Simple,106
Libssh,106
Gpsmapedit,106
Cityhash,106
Php Enter,106
Quick.cart,106
Guitar Pro,106
X7 Chat,106
Ramui Forum,106
M-player,106
Php-fusion,106
Freeftpd,106
MX,106
XEN,106
Avg Antivirus,106
Lookout,106
Ftp Server,106
1password,106
N900 Wireless Router,106
Rssreader,106
Zimbra Collaboration Suite,104
Interstage Application Server,104
Jforum,104
Efront,104
C2c Forward Auction Creator,104
Dynamic Biz Website Builder Quickweb,104
Helpdesk Pilot,104
Mymp3pro,104
Hostbill,104
Formcraft,104
Collaboration Server,104
Openx,104
Ireland Cisco Epc2425,104
Classifieds Creator,104
Steamos,104
Optimizepress,104
Emr Unwired,104
Network Interface Router,104
ACK,104
Flow,104
Webbynode,104
Customer Relationship Management,104
Netweaver,104
Blooog Theme,104
Solaris,102
Phprojekt,100
Connectivity,100
Mailenable,100
Derby,99
Blackberry Enterprise Server,99
Cash Receipting System,99
Virtuemart,99
Ragnarok Online Control Panel,99
Mimicboard,99
Kolab Groupware Server,99
Mimicboard 2,99
Madwifi,99
Oracle10g,99
Pcre,99
Puretls,99
Cups,99
Mozilla,99
Net-snmp,99
Tivoli Access Manager For E-business,94
Ero Auktion,94
Oto Galeri Sistemi,94
Impresscms,94
Mafya Oyun Scrpti,94
Osticket,94
Digishop,94
Vacation Rental Listings,94
Business E-listings,94
Mysource Matrix,94
Xwiki Watch,94
Hotfoon,88
Rack,84
Iplanet Ical,84
Windows 7,84
Php Booking Calendar,84
Sopcast,84
Free Mp3 Player,84
Sasha,84
Hitappoint,84
V8,84
Pulse Cms,84
Glassfish Server,84
M340 Ethernet Module Bmxnoe0100,84
Control Manager,84
Geronimo,84
Media Composer,84
Quixplorer,84
Qqplayer,84
Skyrouter,84
XT\,84
Reflection,84
Unbound,84
Phpids,84
Mailman,84
Yaws,84
Winn Guestbook,84
Sentinel Log Manager,84
Simple Php Blog,84
Capexweb,84
Winmount,84
Finaldraft,84
Opera,75
Openlinux,72
Jrun,68
Windows Xp,68
Poll It,63
Mail Server,62
Php-nuke,62
Scozbook,62
Myabracadaweb,62
Snort,55
Suse Linux,54
NVI,52
Sips,52
Shopping Cart,52
Psexec,50
Netware,50
Web Wiz Forums,50
Netbilling,50
Openskat,50
Chat Anywhere,50
Nessuswx,50
Nessus,50
Helpdesk,50
P4db,50
Aztek Forum,50
Dna Helpdesk,50
Reporting Center,50
Zeroboard,50
Sunforum,50
Ichain,50
Web Security,50
Yabb Se,50
Jbrowser,50
Adaptive Server Enterprise,50
Athoc Toolbar,50
Homeportal,50
Quick N Easy Ftp Server,50
Xtremeasp Photogallery,50
Ownserver,50
Mailing List Manager,50
Mega Upload Progress Bar,50
Crystal Enterprise,50
Nsure Audit,50
Application Framework,50
Storedge Qfs,50
IE,49
Neutrino Rtos,44
Open Webmail,44
Rtos,44
Ntmail,44
Liteserve,44
Firewall-1,44
Iispop,44
Kf Web Server,44
Bannerwheel,44
Simple Site Searcher,44
Access Essentials,44
At-8024,44
Acftp,44
Acfreeproxy,44
Dctc,44
Solaris Answerbook2,44
Libhttpd,44
Php\(reactor\),44
Acweb,44
Sendmail,44
Insight Management Agent,44
Ep-4501,44
Webchat,44
W3mail,44
The Server,44
An Httpd,44
Gtetrinet,44
Cvsup,44
F2html.pl,44
Hyperion Ftp Server,44
As5350,44
Trillian,44
Advanced Tftp,44
Sygate Personal Firewall,44
Apboard,44
Serv-u File Server,44
Directory Server,42
Zope,42
Immunix,42
Application Server,42
Freebsd,39
Pine,36
JET,36
Glftpd,36
ASP,34
Seti At Home,34
Openbsd,34
Windows Me,34
Openwave Wap Gateway,34
Vanessa Logger,34
Lotus Domino,34
Wap Gateway,34
Zonealarm,34
Personal Web Sharing,34
Unixware,34
Tiny Personal Firewall,34
Webmail,34
Outlook Express,34
Pathways Homecare,34
2100 Network Camera,34
Webshield Smtp,34
Bsd Os,34
Iproute,34
Ha-120 Dsl Router,34
Openserver,34
IOS,34
Cardboard,34
Mailsweeper,34
Scriptease Webserver,34
Open Unix,34
Openunix,34
My Photo Gallery,31
Pgpdisk,31
Simple File Manager,31
Dbmail,31
Siemens Networker,31
Vpop3 Web Mail Server,31
Myclassifieds,31
Clustering Engine,31
Winsyslog,31
Asr-8100,31
J Walk Application Server,31
Phpbb,31
Libxml2,31
Phpmyshop,31
Phppass,31
Dcp-portal,31
Office Server,31
Ceilidh,31
Java Http Server,31
Phpwebfilemanager,31
Navigator,31
Fnord,31
Spamassassin,31
Cc Guestbook,31
Uploader,31
Groupwise,31
Viewpage,31
Internet Security Systems Blackice Defender,31
Wfchat,31
Powerchute,21
Xitami,21
Quikstore,21
GCC,21
Ftgate,21
Weblogic Server,21
Tivoli Management Framework,21
Anyportal Php,21
Quake,21
Resin,21
Inoculateit Agent For Exchange,21
Icq Web Front,21
Iplanet Web Server,21
Rover,18
Macos,18
Majordomo,18
K-mail,18
Knapster,18
KVT,18
KDE,18
Eterm,18
Search Intranet,18
Pbpg,18
Ethereal,18
Inbusiness Email Station,18
Windows 95,18
Windows Nt,18
Virtual Machine,18
Webcam Http Server,18
Pager,18
Frontpage,18
Internet Anywhere Mail Server,18
Virusscan,18
Systems Management Server,18
Home Free,18
Delegate,18
